,age,fnlwgt,education_num,capital_gain,capital_loss,hours_per_week
count,29819.0,29819.0,29819.0,29819.0,29819.0,29819.0
mean,38.37881887387236,189940.0894731547,10.107146450249841,604.0982594989772,88.53660417854388,40.547436198396994
std,13.14016195209162,105655.12388025945,2.5402037099484382,2579.004711271632,404.42496084797943,11.230578142796976
min,17.0,13769.0,1.0,0.0,0.0,1.0
25%,28.0,117737.0,9.0,0.0,0.0,40.0
50%,37.0,178587.0,10.0,0.0,0.0,40.0
75%,47.0,237670.5,12.0,0.0,0.0,45.0
max,90.0,1484705.0,16.0,41310.0,4356.0,80.0
